net2,MeanGVC
Aud.,231.15544727689604
CON,225.93999404927774
DAN,223.65459142154054
DMN,228.63338830981957
FPN,224.22354698378433
Motor,232.80679477132776
SAN,220.43849235397954
Subc.,221.03609163328784
VAN,225.84043994536165
Vis.,221.7036745023914
Whole Brain,226.36016417092026
