net2,MeanGVC
Aud.,193.76812515379072
CON,184.69580584540847
DAN,194.21803669248663
DMN,187.14797953267717
FPN,179.15969025624315
Motor,182.89883216875566
SAN,178.5120875521896
Subc.,174.87373655207747
VAN,202.09190148091693
Vis.,181.34153298364532
Whole Brain,184.52515360421464
