net2,MeanGVC
Aud.,0.26794542761933954
CON,0.23866852964315965
DAN,0.2148364858672405
DMN,0.2511999083966583
FPN,0.25365020340793276
Motor,0.2679643431678958
SAN,0.2409063858022694
Subc.,0.2401600290413995
VAN,0.2281947691639631
Vis.,0.24165327765021669
Whole Brain,0.24887758570737833
