net2,MeanGVC
Aud.,0.03734760909249306
CON,0.03613026239848053
DAN,0.033113933359400737
DMN,0.03144114191801652
FPN,0.03630644199854329
Motor,0.03773253349469176
SAN,0.03477790513720288
Subc.,0.03663726484781321
VAN,0.041952552402311744
Vis.,0.032047933119398894
Whole Brain,0.029729724614363014
