net2,MeanGVC
Aud.,199.89331945719948
CON,191.16608896859253
DAN,199.8036778814192
DMN,193.98214490355463
FPN,186.5886368274652
Motor,191.63242756249417
SAN,185.19688305546498
Subc.,183.9582770347137
VAN,205.9797841980852
Vis.,188.81274970026422
Whole Brain,191.68887434737664
