net2,MeanGVC
Aud.,185.07775501796021
CON,173.85568361214902
DAN,187.67407150761022
DMN,177.57581251138382
FPN,168.65999580370413
Motor,171.90967931232296
SAN,168.50487524472803
Subc.,164.5543519502174
VAN,196.60831458191433
Vis.,172.24882997683315
Whole Brain,174.88935940201827
