net2,MeanBVC
Aud.,19.63224676753099
CON,17.027295620265413
DAN,24.725956878702974
DMN,18.444047163369554
FPN,16.82306926663327
Motor,17.155966259082028
SAN,17.560154411748513
Subc.,22.171683877413912
VAN,21.858811027779055
Vis.,18.420324416168658
Whole Brain,14.852567334370882
