net2,MeanBVC
Aud.,18.778071727661356
CON,16.56615628837207
DAN,24.77738164997741
DMN,18.372891522456545
FPN,16.21790764530438
Motor,17.257849036697976
SAN,16.752835687109688
Subc.,21.296296924656197
VAN,21.048150131854037
Vis.,17.33849794993811
Whole Brain,14.21911851536927
