net2,MeanGVC
Aud.,0.13541063080318325
CON,0.11883469072362803
DAN,0.10970942337758013
DMN,0.1262578884262709
FPN,0.12840677351418442
Motor,0.1355030504229992
SAN,0.12228877825392051
Subc.,0.11658237865061818
VAN,0.12092141736104049
Vis.,0.12025677643482169
Whole Brain,0.12527746522204525
