net2,MeanGVC
Aud.,20.776501281010834
CON,18.91577351751167
DAN,28.43937198567016
DMN,18.077739208528016
FPN,17.81088035092441
Motor,17.58927189168343
SAN,18.359614528869688
Subc.,25.363814156186123
VAN,29.916448224584272
Vis.,18.822169881111346
Whole Brain,14.185267016215576
