net2,MeanBVC
Aud.,0.037159730553309685
CON,0.03684914396562762
DAN,0.03150617620378972
DMN,0.032724003328043386
FPN,0.03709577757777644
Motor,0.03736626553217824
SAN,0.03572112839443697
Subc.,0.03677386560962669
VAN,0.04231941038042236
Vis.,0.03318337484193783
Whole Brain,0.03113653330814171
