net2,MeanBVC
Aud.,0.033400006457647916
CON,0.032544826466402985
DAN,0.027711910196681903
DMN,0.029923701166170276
FPN,0.03362763121305442
Motor,0.03430421172173248
SAN,0.03183485237853854
Subc.,0.03281866447355078
VAN,0.03726003466503047
Vis.,0.030384861247889004
Whole Brain,0.02861787581262195
