net2,MeanBVC
Aud.,0.18193752708594826
CON,0.16445602843368637
DAN,0.1450499996954768
DMN,0.171307366298544
FPN,0.1752009043168859
Motor,0.18585770567604576
SAN,0.16617530463542599
Subc.,0.16231337010011354
VAN,0.1585876457191685
Vis.,0.16376179938241803
Whole Brain,0.16997694583315662
