net2,MeanGVC
Aud.,0.056882890904397694
CON,0.05677164890138272
DAN,0.0495037880168
DMN,0.0467399141294191
FPN,0.05429321739974167
Motor,0.05746600855052013
SAN,0.05222007952120305
Subc.,0.05710377117271994
VAN,0.06682658490359822
Vis.,0.05063126894267205
Whole Brain,0.043984561505294
