net2,MeanGVC
Aud.,207.8373711008879
CON,200.29675959479388
DAN,205.1676658813383
DMN,202.76933994598932
FPN,196.28372172168622
Motor,202.5740325303143
SAN,194.00160926604948
Subc.,192.61721058788908
VAN,210.73146755773496
Vis.,196.4304234801228
Whole Brain,200.39717432022528
