net2,MeanGVC
Aud.,0.03887794878717149
CON,0.03835825530950538
DAN,0.03520332375876348
DMN,0.03267176318137317
FPN,0.038687728526721844
Motor,0.03943811495221464
SAN,0.036537521521446424
Subc.,0.03885756481271229
VAN,0.04588616778629975
Vis.,0.03449682684751382
Whole Brain,0.031043040786470844
