net2,MeanBVC
Aud.,0.05841234734644153
CON,0.05863381638638446
DAN,0.04965754688046823
DMN,0.04872012072152049
FPN,0.055750743459076615
Motor,0.05672338903686698
SAN,0.053700453104432104
Subc.,0.05753585280897129
VAN,0.06886285105113742
Vis.,0.05282577622693025
Whole Brain,0.046086671397173325
