net2,MeanBVC
Aud.,19.18207115101878
CON,16.77798148697634
DAN,25.013324552458272
DMN,18.476293517059105
FPN,16.390834834126764
Motor,16.9387700412044
SAN,16.89103512843607
Subc.,22.388349152634753
VAN,21.73812184824152
Vis.,18.33195147974777
Whole Brain,14.605413396496111
