net2,MeanGVC
Aud.,21.419585417648594
CON,20.858149288561737
DAN,27.916983870243335
DMN,18.701145037317435
FPN,19.468514854015297
Motor,21.198159413979685
SAN,19.47341557665908
Subc.,26.789435469901576
VAN,30.432352418107957
Vis.,18.48281822944826
Whole Brain,14.405120994333911
