net2,MeanBVC
Aud.,0.2128960895635762
CON,0.191698421486119
DAN,0.1710148653514133
DMN,0.20109409454366003
FPN,0.20597913737303014
Motor,0.21759448790406186
SAN,0.194214371586546
Subc.,0.19173528980661025
VAN,0.18408753956583485
Vis.,0.1940204290637576
Whole Brain,0.19948048890309006
