net2,MeanBVC
Aud.,0.13385424484599262
CON,0.11990567989408975
DAN,0.10660164935715961
DMN,0.12632719294954228
FPN,0.12948336387491344
Motor,0.1382933239047164
SAN,0.1232905349551877
Subc.,0.1186974114212858
VAN,0.11945242783844658
Vis.,0.12095578079643106
Whole Brain,0.12562399649787603
