net2,MeanBVC
Aud.,0.044214163750314284
CON,0.04460241181839908
DAN,0.0377288827283345
DMN,0.03768241213175744
FPN,0.04340601550013732
Motor,0.04376120507167953
SAN,0.042335980776472035
Subc.,0.043897780511010516
VAN,0.052488630920079174
Vis.,0.039781254791753026
Whole Brain,0.03583238719413617
