net2,MeanGVC
Aud.,20.835457134341492
CON,19.37167859673583
DAN,28.618879853449275
DMN,18.378852111483603
FPN,17.81086347673828
Motor,18.06108919262795
SAN,18.287935227299965
Subc.,26.155769814770395
VAN,30.361922825354167
Vis.,18.637354492743768
Whole Brain,13.793719893518702
