net2,MeanGVC
Aud.,20.598594367003876
CON,19.044138322805647
DAN,28.276787247919504
DMN,18.106824874581896
FPN,17.777627169410675
Motor,18.50210473439205
SAN,17.98291882032192
Subc.,25.26034617274391
VAN,30.21669153718956
Vis.,17.98703476563342
Whole Brain,13.585193455211071
