net2,MeanBVC
Aud.,19.204574260563817
CON,16.920867780524112
DAN,25.106976071781556
DMN,18.65551858441872
FPN,16.37175404675871
Motor,17.074747906608305
SAN,17.130940470331634
Subc.,22.354859123867794
VAN,21.46996890018512
Vis.,17.98994253491437
Whole Brain,14.44130146982888
