net2,MeanGVC
Aud.,0.18345502314618475
CON,0.16313152657468752
DAN,0.14801040112997385
DMN,0.17119059994313046
FPN,0.17369735154845592
Motor,0.18242674513271986
SAN,0.16502271277438885
Subc.,0.15996724467651377
VAN,0.15955578412274163
Vis.,0.16316365517023979
Whole Brain,0.16961079321607472
