net2,MeanGVC
Aud.,0.037347609558769264
CON,0.03613026205413963
DAN,0.033113934124218695
DMN,0.031441141796111585
FPN,0.036306442032792596
Motor,0.037732533123854495
SAN,0.03477790517714009
Subc.,0.03663726390525473
VAN,0.04195255377092993
Vis.,0.032047932175735566
Whole Brain,0.029729724482807446
