net2,MeanBVC
Aud.,0.38376197013013696
CON,0.34373784286413817
DAN,0.30307831687337733
DMN,0.3620284141015257
FPN,0.36331413940787427
Motor,0.3876421709962097
SAN,0.34580015877424897
Subc.,0.35247521446768715
VAN,0.3211816765032919
Vis.,0.34977183021695696
Whole Brain,0.35695749010883127
